Profile Name,Title Name,Country,Utc Title Add Date
Barbara,The Irishman,United States,2020-01-07
Barbara,Anne with an E,United States,2020-01-07
Barbara,The Crown,United States,2020-01-07
Barbara,Don't F**k with Cats: Hunting an Internet Killer,United States,2020-01-07
Barbara,The Secret Life of Pets 2,United States,2020-01-07
Barbara,Sugar Rush Christmas,United States,2020-01-07
Dominic,Legend,United States,2022-07-02
Dominic,Operation Mincemeat,United States,2022-07-02
Dominic,The Hurt Locker,United States,2022-07-02
Dominic,Kate,United States,2022-07-02
Dominic,The Harder They Fall,United States,2022-07-02
Dominic,Choose or Die,United States,2022-07-02
Dominic,The Guilty,United States,2022-07-02
Dominic,The Adam Project,United States,2022-03-16
Dominic,The Water Man,United States,2021-09-24
Dominic,Holiday Home Makeover with Mr. Christmas,United States,2020-12-03
Dominic,The Christmas Chronicles: Part Two,United States,2020-12-01
Dominic,The Girl with All the Gifts,United States,2020-08-20
Dominic,Da 5 Bloods,United States,2020-08-20
Dominic,Dallas Buyers Club,United States,2020-08-20
Dominic,OtherLife,United States,2020-08-20
Dominic,All Day and a Night,United States,2020-08-20
Dominic,Anelka: Misunderstood,United States,2020-08-20
Dominic,HOMECOMING: A film by Beyonc√©,United States,2020-08-20
Dominic,The Irishman,United States,2020-08-20
Dominic,Betty White: First Lady of Television,United States,2020-08-20
Dominic,Uncut Gems,United States,2020-08-20
Dominic,Marriage Story,United States,2020-08-20
Dominic,Irreplaceable You,United States,2020-08-20
Dominic,The Nutcracker and the Four Realms,United States,2019-12-16
Dominic,6 Underground,United States,2019-12-16
Dominic,Haunted,United States,2019-10-23
Dominic,Gossip Girl,United States,2019-03-25
Dominic,Formula 1: Drive to Survive,United States,2019-03-15
Dominic,Conversations with a Killer: The Ted Bundy Tapes,United States,2019-02-20
Dominic,Tidying Up with Marie Kondo,United States,2019-02-20
Dominic,Chocolat,United States,2019-02-15
Dominic,Dismissed,United States,2019-01-21
Dominic,FYRE: The Greatest Party That Never Happened,United States,2019-01-21
Dominic,IO,United States,2019-01-21
Dominic,The Ballad of Buster Scruggs,United States,2019-01-21
Dominic,Irreplaceable You,United States,2019-01-21
Dominic,Atypical,United States,2018-09-11
Dominic,Adventures in Public School,United States,2018-09-05
Dominic,Black Lightning,United States,2018-09-05
Dominic,"Game Over, Man!",United States,2018-09-05
Dominic,Hostiles,United States,2018-09-05
Dominic,Ozark,United States,2018-09-05
Dominic,The Do-Over,United States,2018-09-05
Dominic,Mute,United States,2018-09-05
Dominic,Godless,United States,2018-09-05
Dominic,The Innocents,United States,2018-09-05
Dominic,Dark,United States,2018-09-05
Dominic,Hardcore Henry,United States,2018-09-05
P. Michael,Cowboy Bebop,United States,2021-11-21
P. Michael,The Woman in the Window,United States,2021-04-22
P. Michael,Travelers,United States,2017-12-26
Ashley,A Bad Moms Christmas,United States,2020-12-21
Ashley,Murder Mountain,United States,2020-12-16
Ashley,Did You Hear About the Morgans?,United States,2019-01-26
Ashley,Wine Country,United States,2019-01-25
Ashley,Despicable Me 3,United States,2019-01-07
Ashley,Peaky Blinders,United States,2018-09-15
Ashley,Like Father,United States,2018-08-03
Ashley,Dark Tourist,United States,2018-08-03
Ashley,Marc Maron: Too Real,United States,2017-09-03
Ashley,The L Word,United States,2017-08-14
